-- phpMyAdmin SQL Dump
-- version 5.2.1
-- https://www.phpmyadmin.net/
--
-- Host: 127.0.0.1
-- Generation Time: Dec 11, 2023 at 07:49 PM
-- Server version: 10.4.32-MariaDB
-- PHP Version: 8.2.12

SET SQL_MODE = "NO_AUTO_VALUE_ON_ZERO";
START TRANSACTION;
SET time_zone = "+00:00";


/*!40101 SET @OLD_CHARACTER_SET_CLIENT=@@CHARACTER_SET_CLIENT */;
/*!40101 SET @OLD_CHARACTER_SET_RESULTS=@@CHARACTER_SET_RESULTS */;
/*!40101 SET @OLD_COLLATION_CONNECTION=@@COLLATION_CONNECTION */;
/*!40101 SET NAMES utf8mb4 */;

--
-- Database: `laravel_pwtubes`
--

-- --------------------------------------------------------

--
-- Table structure for table `failed_jobs`
--

CREATE TABLE `failed_jobs` (
  `id` bigint(20) UNSIGNED NOT NULL,
  `uuid` varchar(255) NOT NULL,
  `connection` text NOT NULL,
  `queue` text NOT NULL,
  `payload` longtext NOT NULL,
  `exception` longtext NOT NULL,
  `failed_at` timestamp NOT NULL DEFAULT current_timestamp()
) ENGINE=InnoDB DEFAULT CHARSET=utf8mb4 COLLATE=utf8mb4_unicode_ci;

-- --------------------------------------------------------

--
-- Table structure for table `kursus`
--

CREATE TABLE `kursus` (
  `id` int(11) NOT NULL,
  `title` varchar(255) NOT NULL,
  `bahasa_pemrograman` varchar(255) NOT NULL,
  `content` longtext NOT NULL,
  `author` varchar(255) NOT NULL,
  `thumbnail` varchar(255) NOT NULL
) ENGINE=InnoDB DEFAULT CHARSET=utf8mb4 COLLATE=utf8mb4_general_ci;

--
-- Dumping data for table `kursus`
--

INSERT INTO `kursus` (`id`, `title`, `bahasa_pemrograman`, `content`, `author`, `thumbnail`) VALUES
(13, '123', 'C++', '123123qdqdqdewqdqwdqwddddddddddddddddddddddddddddddddddddddddddddddddddddddddddddddddddddddddddddddddd', '142', '1702311711.png'),
(17, '123', 'C++', '123123qdqdqdewqdqwdqwddddddddddddddddddddddddddddddddddddddddddddddddddddddddddddddddddddddddddddddddd', '142', '1702316384.jpg'),
(18, 'Ivan', 'PHP', 'AKJWJDPA', '123', '1702319561.jpeg'),
(19, 'OK', 'Javascript', '123', '222', '1702320022.jpg');

-- --------------------------------------------------------

--
-- Table structure for table `migrations`
--

CREATE TABLE `migrations` (
  `id` int(10) UNSIGNED NOT NULL,
  `migration` varchar(255) NOT NULL,
  `batch` int(11) NOT NULL
) ENGINE=InnoDB DEFAULT CHARSET=utf8mb4 COLLATE=utf8mb4_unicode_ci;

--
-- Dumping data for table `migrations`
--

INSERT INTO `migrations` (`id`, `migration`, `batch`) VALUES
(1, '2014_10_12_000000_create_users_table', 1),
(2, '2014_10_12_100000_create_password_reset_tokens_table', 1),
(3, '2016_06_01_000001_create_oauth_auth_codes_table', 1),
(4, '2016_06_01_000002_create_oauth_access_tokens_table', 1),
(5, '2016_06_01_000003_create_oauth_refresh_tokens_table', 1),
(6, '2016_06_01_000004_create_oauth_clients_table', 1),
(7, '2016_06_01_000005_create_oauth_personal_access_clients_table', 1),
(8, '2019_08_19_000000_create_failed_jobs_table', 1),
(9, '2019_12_14_000001_create_personal_access_tokens_table', 1),
(10, '2023_12_09_190045_transaksi', 1),
(11, '2023_12_09_190136_kategori_kursus', 1),
(12, '2023_12_09_190210_mentor', 1);

-- --------------------------------------------------------

--
-- Table structure for table `oauth_access_tokens`
--

CREATE TABLE `oauth_access_tokens` (
  `id` varchar(100) NOT NULL,
  `user_id` bigint(20) UNSIGNED DEFAULT NULL,
  `client_id` bigint(20) UNSIGNED NOT NULL,
  `name` varchar(255) DEFAULT NULL,
  `scopes` text DEFAULT NULL,
  `revoked` tinyint(1) NOT NULL,
  `created_at` timestamp NULL DEFAULT NULL,
  `updated_at` timestamp NULL DEFAULT NULL,
  `expires_at` datetime DEFAULT NULL
) ENGINE=InnoDB DEFAULT CHARSET=utf8mb4 COLLATE=utf8mb4_unicode_ci;

--
-- Dumping data for table `oauth_access_tokens`
--

INSERT INTO `oauth_access_tokens` (`id`, `user_id`, `client_id`, `name`, `scopes`, `revoked`, `created_at`, `updated_at`, `expires_at`) VALUES
('00be063cf9f879ab58b783902f9d9d9271959be984d7607dc99a04755153409491436bf4f609921b', 3, 1, 'token', '[]', 0, '2023-12-10 07:14:54', '2023-12-10 07:14:54', '2024-12-10 14:14:54'),
('010e7ecf2f0cbae86ffa94909fe1daabd783a2d202700ed9d61c696a943e48da64d359a755c5b2d3', 3, 1, 'token', '[]', 0, '2023-12-10 09:32:01', '2023-12-10 09:32:01', '2024-12-10 16:32:01'),
('0182e357f37f57eeb21689da32ff44537b6fc4646fa0ad54ac3c9b4b376dc39c073277913dc34209', 3, 1, 'token', '[]', 0, '2023-12-11 02:00:49', '2023-12-11 02:00:49', '2024-12-11 09:00:49'),
('020b48665b483e493c6ee8d743c22ca2c223f9beab66180bdfc4b36f4247c8e46636405024f8907a', 4, 1, 'token', '[]', 0, '2023-12-10 06:53:00', '2023-12-10 06:53:00', '2024-12-10 13:53:00'),
('0251f3dab98ac4024999dc45a185d9cc8f44ab979097821eb20dcb66fd59306b3364200333bb3ee2', 3, 1, 'token', '[]', 0, '2023-12-10 07:05:21', '2023-12-10 07:05:21', '2024-12-10 14:05:21'),
('0285fa5c1538beda980455a2c701cf0c3e5318f205ab13e5a8fa5042bea72dc361bbd75714404b63', 3, 1, 'token', '[]', 0, '2023-12-10 07:06:30', '2023-12-10 07:06:30', '2024-12-10 14:06:30'),
('04240cfe160ef21ee1a22c7c42a33eac7eb3fdf31ffd17f8046a35d110060c40f7de2b7a3c86b879', 3, 1, 'token', '[]', 0, '2023-12-11 02:27:25', '2023-12-11 02:27:25', '2024-12-11 09:27:25'),
('04c1f459ee79fb8fe65e521f25b1f0423171246d76afc4042b779ab9dc09854373361fef8335606b', 3, 1, 'token', '[]', 0, '2023-12-10 06:44:49', '2023-12-10 06:44:49', '2024-12-10 13:44:49'),
('053543132969a3a1b856b5da179ce1d14b0d24a0513e71437e3f9534af341ea13050017558fc08e3', 3, 1, 'token', '[]', 0, '2023-12-10 06:02:31', '2023-12-10 06:02:32', '2024-12-10 13:02:31'),
('074fc651cb2e2a4277abc016627085a817c97b17fe4350b71c5d09fca4556082509396cecce3d217', 3, 1, 'token', '[]', 0, '2023-12-11 08:06:56', '2023-12-11 08:06:56', '2024-12-11 15:06:56'),
('0a20a7d7fccdbe9e2f41f29153207001a49faae1c94ece6fbdcc387f21d50d391aa91b7e609d6cbb', 3, 1, 'token', '[]', 0, '2023-12-11 02:26:38', '2023-12-11 02:26:38', '2024-12-11 09:26:38'),
('0aad26d20ac308b0e064374f418920d396d7fb6e6f5eec7e1da36821a2f32216794df415b2d0c17a', 3, 1, 'token', '[]', 0, '2023-12-10 06:00:50', '2023-12-10 06:00:50', '2024-12-10 13:00:50'),
('0b69988685fc868aa6602194bcee2e25346311c16969470c3f9cdac9b069651a4c9834811aff91d6', 3, 1, 'token', '[]', 0, '2023-12-10 05:56:36', '2023-12-10 05:56:36', '2024-12-10 12:56:36'),
('0c4dccc0c46345c1f60f7a0a94a702822ead64b3ce1f0dca38d16bdaaedf771ee6fcd1510bd97aea', 3, 1, 'token', '[]', 0, '2023-12-11 02:07:34', '2023-12-11 02:07:34', '2024-12-11 09:07:34'),
('0de450ccce72603ce0a0ae7a067ac031f5acf7aea4cc5607350c7f3bba80cbc399a4565e3cfb5ddf', 3, 1, 'token', '[]', 0, '2023-12-10 08:54:25', '2023-12-10 08:54:25', '2024-12-10 15:54:25'),
('0e2a3db665ab7c8801f502d53423ef73f70fc5e00c9266a9342fc4de52204b33f4420894fbd22190', 3, 1, 'token', '[]', 0, '2023-12-10 06:51:07', '2023-12-10 06:51:07', '2024-12-10 13:51:07'),
('11e2f98b6550b94b904d1f5e11f8eeae475f998c9c74f580a28afb87383af66b5a7d2f31cdf9d4f2', 3, 1, 'token', '[]', 0, '2023-12-10 08:48:22', '2023-12-10 08:48:22', '2024-12-10 15:48:22'),
('12b464b2aed1497bd1968cccdf7558eb65f745ff28589c71706919d3035ea8f6b9533070e1b5a443', 3, 1, 'token', '[]', 0, '2023-12-11 02:24:41', '2023-12-11 02:24:41', '2024-12-11 09:24:41'),
('136637b991b03b3b6faa291941dbb97b95ecf56f56b167c3d79f628e96299a33796ba0a6d90314f0', 3, 1, 'token', '[]', 0, '2023-12-10 08:43:18', '2023-12-10 08:43:18', '2024-12-10 15:43:18'),
('138c8fb10a91e7853dd1276efb9b35ee414bb1376cb5fab1e4677a70b51cee77b30a4b62a0c9f6f2', 3, 1, 'token', '[]', 0, '2023-12-10 08:48:49', '2023-12-10 08:48:49', '2024-12-10 15:48:49'),
('142fc29db041a41732a4bab6a82a3c2eb9b12bc160322a7d08b38fae410b88d45c487db1c2878ff8', 3, 1, 'token', '[]', 0, '2023-12-10 07:05:24', '2023-12-10 07:05:24', '2024-12-10 14:05:24'),
('14e382fa599584eadd67f5f7014c6449c8e88f4bea9492f20148c8ef7a1d26700fbbbfd4572f7d36', 3, 1, 'token', '[]', 0, '2023-12-11 02:10:33', '2023-12-11 02:10:33', '2024-12-11 09:10:33'),
('1521c03c082691082d2a1fc382aee110577faecc79ec34d4d39c30ac1d8319188989b3aa831c3486', 3, 1, 'token', '[]', 0, '2023-12-10 07:05:24', '2023-12-10 07:05:24', '2024-12-10 14:05:24'),
('161fde98dcc93f8b9f1cc012e5eb09f219d66ad0094de78c04ee6a2a75e55280f88a0652f3892d9f', 3, 1, 'token', '[]', 0, '2023-12-10 06:02:10', '2023-12-10 06:02:10', '2024-12-10 13:02:10'),
('16a81f6bb81a7c0cc28ca67f93825c32096c0b4e510b3401ba3b3b84649b05216a457ab5b5e2ea64', 3, 1, 'token', '[]', 0, '2023-12-11 01:53:22', '2023-12-11 01:53:22', '2024-12-11 08:53:22'),
('17e2b5f04645d9329d8132d056e135a07b0504a9bbc64cf549e9fe0b9f52867492cba090e6c28447', 3, 1, 'token', '[]', 0, '2023-12-10 07:01:43', '2023-12-10 07:01:43', '2024-12-10 14:01:43'),
('18044c7df58cb6e91d16c2230ff394119363c75b992a0798ad68157fbe5c3dc633afb0dcd5ed3afe', 3, 1, 'token', '[]', 0, '2023-12-11 02:26:49', '2023-12-11 02:26:49', '2024-12-11 09:26:49'),
('1a33a3f3266a29dc9e6e3f935f36fc02907af85a7ef515b08db937cb9fe5df018f898b601e8cdb32', 3, 1, 'token', '[]', 0, '2023-12-10 09:25:46', '2023-12-10 09:25:46', '2024-12-10 16:25:46'),
('1ae17738acb8d23b4bd3818b717687a7a1b3b7a71aff00d8579d092ec30a51ad0329155cfab5eea2', 3, 1, 'token', '[]', 0, '2023-12-11 02:51:59', '2023-12-11 02:51:59', '2024-12-11 09:51:59'),
('1c5a476f99d0bd3442a887de0546dffb7c2738b12c441a907d2d25fe82ef3a1a7947339ff9296066', 3, 1, 'token', '[]', 0, '2023-12-11 02:43:21', '2023-12-11 02:43:21', '2024-12-11 09:43:21'),
('1d7c51f129020be90e8f6e28775c0c98e157bfb6f7a2e8615327b12922a19431890b8950a9104c77', 3, 1, 'token', '[]', 0, '2023-12-10 08:44:28', '2023-12-10 08:44:28', '2024-12-10 15:44:28'),
('206000b31afdfa35e794a543284439dee8d52e9f1ceffc17e68c710b0065e24e91b6d995c31d754a', 3, 1, 'token', '[]', 0, '2023-12-11 08:53:06', '2023-12-11 08:53:06', '2024-12-11 15:53:06'),
('2176536173bf9b56ba95d9df712654c429eb52e0a957fd519df667ef7cc47d223f0c00309a7ea96e', 3, 1, 'token', '[]', 0, '2023-12-10 07:08:10', '2023-12-10 07:08:10', '2024-12-10 14:08:10'),
('23560d112f6fbfee86bc2859209b7b713af363784afe9cf0a704bbc94c6c3867d597d98fb8ae8ac5', 3, 1, 'token', '[]', 0, '2023-12-10 07:08:02', '2023-12-10 07:08:02', '2024-12-10 14:08:02'),
('23d656db3417cee46a091ceb22acb7db2dd61590d1fbb05a6a4dd38ffdd9fe9d5025f6abf7a6ac55', 3, 1, 'token', '[]', 0, '2023-12-10 08:27:48', '2023-12-10 08:27:48', '2024-12-10 15:27:48'),
('2547b41b1529a48649d8449df0bb15ec145d73af0de124956f831c86278db1775e7bec37dedf6ced', 3, 1, 'token', '[]', 0, '2023-12-10 07:28:00', '2023-12-10 07:28:00', '2024-12-10 14:28:00'),
('25d97b5e7c560ff0b87afa8c8ab2b428fc35170a9b2ba753ed4d1a33bfce8d77880ad35a7f7ffc0e', 3, 1, 'token', '[]', 0, '2023-12-11 02:28:26', '2023-12-11 02:28:26', '2024-12-11 09:28:26'),
('2604c16815ce20e97f312f00b99e5a7d368c95aa7df3f608382ebadbec2cb43466dec53e6850c67c', 3, 1, 'token', '[]', 0, '2023-12-11 02:30:20', '2023-12-11 02:30:20', '2024-12-11 09:30:20'),
('2646509f5d7132718ad07907cbd9bc8f629a39ff7c0329c839138231252c9afce810a60d84b93ffb', 3, 1, 'token', '[]', 0, '2023-12-10 05:54:17', '2023-12-10 05:54:17', '2024-12-10 12:54:17'),
('2b8104fbdfd8379fc6bdf8cf27205e78693a51afb1ab1e341040781e577fcf9eeb910ff272ac4fbf', 3, 1, 'token', '[]', 0, '2023-12-10 06:41:38', '2023-12-10 06:41:38', '2024-12-10 13:41:38'),
('2bab27f6d70e9dc7ca497196567e933c1e31162325a04d9560805fdc5e08c5b36579400e0ccd3aef', 3, 1, 'token', '[]', 0, '2023-12-11 02:31:17', '2023-12-11 02:31:17', '2024-12-11 09:31:17'),
('2cbd57d5225b30aa5556fb703f64e2c98b05ff9d565cb818a1c5e52ed1ed3d8e0cc2358fc19bc5be', 3, 1, 'token', '[]', 0, '2023-12-10 06:41:45', '2023-12-10 06:41:45', '2024-12-10 13:41:45'),
('2fecf4ea9107e4670a809f36ef42c1c36348d972a6d8c13e542a72c43b638d02e9b04f7ed6387148', 3, 1, 'token', '[]', 0, '2023-12-10 09:07:27', '2023-12-10 09:07:27', '2024-12-10 16:07:27'),
('3036de462eb20023cea5e738f2929c66d1e146b52dc579f9d67800911f19d7cbf58c9ae9923c7462', 3, 1, 'token', '[]', 0, '2023-12-11 02:03:06', '2023-12-11 02:03:06', '2024-12-11 09:03:06'),
('30aa7f5d11e2925604069602490913be38be40bf1bca079ae3aaa2c26963e83528bc7cd447df1124', 4, 1, 'token', '[]', 0, '2023-12-10 07:03:43', '2023-12-10 07:03:43', '2024-12-10 14:03:43'),
('344d5320119fc3c55c31a8aa08b07c316bb36b6d48c5f33f32a962b420791cffdfb1e4efb2597801', 3, 1, 'token', '[]', 0, '2023-12-11 02:41:07', '2023-12-11 02:41:07', '2024-12-11 09:41:07'),
('3524c730e6786bf0336f17bcd833e968ea8a90084ae3d9ef7abc452ac1bfcd1f176f8f30ae017f2f', 4, 1, 'token', '[]', 0, '2023-12-11 01:53:58', '2023-12-11 01:53:58', '2024-12-11 08:53:58'),
('35c21d38a1eec87df49b3e74b5610a4bdd0b4beedbec95489885b655d7984a16242fe6010f3cad8b', 3, 1, 'token', '[]', 0, '2023-12-10 08:43:56', '2023-12-10 08:43:56', '2024-12-10 15:43:56'),
('366b0728140f2cc7f01899b5957e5d31cd89c432b3c3380e5147725a200209887ff1ba60d5a3cebd', 3, 1, 'token', '[]', 0, '2023-12-11 02:42:21', '2023-12-11 02:42:21', '2024-12-11 09:42:21'),
('3af6045e8df6be2f99bac0c50dc47eb81e799ab6ab1e96419db9d3bc477c6359e8e8f2ed9cfb91bc', 3, 1, 'token', '[]', 0, '2023-12-10 06:45:36', '2023-12-10 06:45:36', '2024-12-10 13:45:36'),
('3c1f4794341606a39ab69c61ca371b12a8283586e8fb787334f20c4d7a9adf7a62cf805c978bb5ca', 4, 1, 'token', '[]', 0, '2023-12-10 07:06:26', '2023-12-10 07:06:26', '2024-12-10 14:06:26'),
('3d32d8efeeba00cb432cefdc0d64255325fc981a6a5b21b02cfe04314ee9352cf160c767a46f2ba1', 3, 1, 'token', '[]', 0, '2023-12-11 08:02:10', '2023-12-11 08:02:11', '2024-12-11 15:02:10'),
('3d49571cb09f8ffeeae646cd34f3a5f9cb699daa4a932c4d4bb08a638866cdf43acd22bf547c7fcd', 3, 1, 'token', '[]', 0, '2023-12-10 07:05:22', '2023-12-10 07:05:22', '2024-12-10 14:05:22'),
('3feabe0402f8e3d1429fac60fa703f1c69140bb8a568199037617a5225dd7de1a2b98a4eb4066548', 3, 1, 'token', '[]', 0, '2023-12-10 07:01:42', '2023-12-10 07:01:42', '2024-12-10 14:01:42'),
('405ee96d68b2d0474aa8303182b72709b11e117748081ab166df8d288b7f2d10d5c2ae8c49a96787', 3, 1, 'token', '[]', 0, '2023-12-10 09:39:37', '2023-12-10 09:39:37', '2024-12-10 16:39:37'),
('41a43d03da2bb7caf92fe064ec9bddfc75053b704106a0da2602dea136d749661aaf79b84074b7ff', 4, 1, 'token', '[]', 0, '2023-12-10 07:06:25', '2023-12-10 07:06:25', '2024-12-10 14:06:25'),
('43fd92fb3a113e3aec9d728b9251871e96002c148faf67c5e7571a387b6641340e668b6dd01f538b', 3, 1, 'token', '[]', 0, '2023-12-10 07:01:58', '2023-12-10 07:01:58', '2024-12-10 14:01:58'),
('464bd30b2f50247f7515692a22d9b826fe9ef858f1302ae742ac7558c260477c4b7f86a99ff49554', 3, 1, 'token', '[]', 0, '2023-12-10 09:23:33', '2023-12-10 09:23:33', '2024-12-10 16:23:33'),
('47d9530f230f64fa1b18b00285e1f83fde42c3c318c5ba5593a18f9431f963139fdea139fe8e8c14', 4, 1, 'token', '[]', 0, '2023-12-10 05:26:16', '2023-12-10 05:26:16', '2024-12-10 12:26:16'),
('48953203612bb59f4df18b9a22564b750e57cb6066887f3523d91153e34c5f9e17a0e13796d4cc21', 3, 1, 'token', '[]', 0, '2023-12-11 01:40:28', '2023-12-11 01:40:28', '2024-12-11 08:40:28'),
('4d260039c355103793881ea30ca8abe955a8685091eaceb0035bed93594562311c30a058b8feb29c', 3, 1, 'token', '[]', 0, '2023-12-11 01:58:49', '2023-12-11 01:58:49', '2024-12-11 08:58:49'),
('4fae0fc70a851a299f59bbfddab52ae315d76e2e6899bc7d2193d72b505be412a3d67f02aeeabebd', 3, 1, 'token', '[]', 0, '2023-12-10 07:06:16', '2023-12-10 07:06:16', '2024-12-10 14:06:16'),
('5066db1e7ee453e3553defd594e421da6bffaca6baa2d718c3459df24aab46bfe1bbbf0b4d406673', 3, 1, 'token', '[]', 0, '2023-12-11 02:19:33', '2023-12-11 02:19:33', '2024-12-11 09:19:33'),
('524d68cdd57aeac4206d240eb3f0bf8543ebcbb4f21f4bc8b4e8259e2e42bd5d58eee52622d5b0f7', 3, 1, 'token', '[]', 0, '2023-12-10 07:56:41', '2023-12-10 07:56:41', '2024-12-10 14:56:41'),
('5420a6534f380c01226766a47c296565b72eca7d44c04b9bac95438d9948ce8b77212cf56e2817a1', 3, 1, 'token', '[]', 0, '2023-12-11 02:30:19', '2023-12-11 02:30:19', '2024-12-11 09:30:19'),
('567a1b1b3dea32db450a1f6bd55e848ffacd3419aaabf1b8fe9a24293303765ef524f3b63eda9acb', 3, 1, 'token', '[]', 0, '2023-12-10 06:45:33', '2023-12-10 06:45:33', '2024-12-10 13:45:33'),
('56e70fbae1862def8740726d5a37fc7fbf1251a97b88af8cf03901d399e93d27cd4c7bf3078d8f55', 3, 1, 'token', '[]', 0, '2023-12-11 02:03:51', '2023-12-11 02:03:51', '2024-12-11 09:03:51'),
('5867aea701236fb98587b96503dbb1d9cb51f377df9eaaaea1a6ccbb24c1db75505a3a7c3cb0888c', 3, 1, 'token', '[]', 0, '2023-12-10 06:46:14', '2023-12-10 06:46:14', '2024-12-10 13:46:14'),
('58f324f7cffea6616117ace77d3ab67dc7d988d157dabeabd281be918cd6bc45cdc6e0f0995ad779', 3, 1, 'token', '[]', 0, '2023-12-11 01:57:06', '2023-12-11 01:57:06', '2024-12-11 08:57:06'),
('5915810d4817e10a14b1a98e00cbe2ce262b2a4de4450c53d5968949f3dc551bd832407c68a0f4d7', 3, 1, 'token', '[]', 0, '2023-12-10 07:25:52', '2023-12-10 07:25:52', '2024-12-10 14:25:52'),
('5a3e2accb9d99a323398ccb3374a2d8485022daebf8c55dd9479e0382a3145557f2c8d9bc15cf08a', 3, 1, 'token', '[]', 0, '2023-12-10 06:50:29', '2023-12-10 06:50:29', '2024-12-10 13:50:29'),
('5b3497302bd8812f4448dc8d71d87fb9cbb0a92dd132bc66f754b73d816642115ca00f8c541ba804', 3, 1, 'token', '[]', 0, '2023-12-11 02:02:07', '2023-12-11 02:02:07', '2024-12-11 09:02:07'),
('608e1eb309747491c738426fa130121e9ab3e198b848df823c73d1dd49f948d5824f054d4e4b615d', 3, 1, 'token', '[]', 0, '2023-12-10 08:47:59', '2023-12-10 08:47:59', '2024-12-10 15:47:59'),
('61287cee900f0d377ed3ed35b6093ff20cf843d557ac2fafc4e08ed3939e71c5fbbfc7ba5db9b7a8', 3, 1, 'token', '[]', 0, '2023-12-11 01:35:36', '2023-12-11 01:35:36', '2024-12-11 08:35:36'),
('62665ac2d535ea28b46318a22db629213c922284c76d3d63bc5c84079f7b68b61778a06dcc926bdb', 3, 1, 'token', '[]', 0, '2023-12-10 07:05:19', '2023-12-10 07:05:19', '2024-12-10 14:05:19'),
('62c8d5c280e18d2bda867d59d223f1268b3656e2597fdddddabb65ef814b68315f348e6de698c4f1', 3, 1, 'token', '[]', 0, '2023-12-10 07:14:03', '2023-12-10 07:14:03', '2024-12-10 14:14:03'),
('66f7265a4d742b71e8e744abcc2bec991ac75e881587c1daaa45435f9d87335f9e3920f943bcf6cc', 4, 1, 'token', '[]', 0, '2023-12-11 02:33:56', '2023-12-11 02:33:56', '2024-12-11 09:33:56'),
('69862d5d94f1c8821cfd8add13513270d320dd6858bc81d85b5c14125e0f23de6ca6c5082ad74a75', 3, 1, 'token', '[]', 0, '2023-12-11 02:29:03', '2023-12-11 02:29:03', '2024-12-11 09:29:03'),
('6b4ddb63d3c588cd56d91427ccab05b60b9a80562a1913f99ed72eea81a019dc05aa112ca34f647d', 3, 1, 'token', '[]', 0, '2023-12-11 02:18:51', '2023-12-11 02:18:51', '2024-12-11 09:18:51'),
('6d4a9932cd1b53ddfcb9c766faee6c96e98d6a2c15bf7d5ad3700c32fafa295f63b4767cb1b1b11b', 3, 1, 'token', '[]', 0, '2023-12-10 06:45:42', '2023-12-10 06:45:42', '2024-12-10 13:45:42'),
('6d5fc917c6e4d4e4128ce4ef0413c9b8b27cb322a2bbbfe895b9f3980ea0a98dd74ab7445428e601', 3, 1, 'token', '[]', 0, '2023-12-11 02:32:10', '2023-12-11 02:32:10', '2024-12-11 09:32:10'),
('6fb3acf38f21926a8e60031c94192e4be269151e859ef0539b1ed1a9cf08ccf2ca31d6d367b88d08', 3, 1, 'token', '[]', 0, '2023-12-10 07:08:03', '2023-12-10 07:08:03', '2024-12-10 14:08:03'),
('6fcd3e38e15baf7cb9f2c6b67b267ad5f76b69d3fd31f231378cd4eec48ee4437e317b60eb35578d', 3, 1, 'token', '[]', 0, '2023-12-11 01:36:29', '2023-12-11 01:36:29', '2024-12-11 08:36:29'),
('70103181db34c46bbfbb050df178932b4fc4401b6a9536d450e093e279768e22135a5d97386671f6', 3, 1, 'token', '[]', 0, '2023-12-10 09:49:23', '2023-12-10 09:49:23', '2024-12-10 16:49:23'),
('72e690c8aa38b5255ec51133a3b3e67f6aa902f0807b4deba06c62b395972e0f78756eab58aeda98', 3, 1, 'token', '[]', 0, '2023-12-10 07:24:20', '2023-12-10 07:24:20', '2024-12-10 14:24:20'),
('736707db1918749b76ca755bd9c0c9c2b88bff31c52500ab876a75054c9f444ae02f9425e2e9a38a', 3, 1, 'token', '[]', 0, '2023-12-10 07:05:15', '2023-12-10 07:05:15', '2024-12-10 14:05:15'),
('740a5048200d347d5ca2acddba14c38d0b95884ccc55156f49f9f365f1ccfc9f6048736956a1bfdd', 3, 1, 'token', '[]', 0, '2023-12-10 07:05:21', '2023-12-10 07:05:21', '2024-12-10 14:05:21'),
('759e610a3187dc730dddf21a05e786215de92e1512caf6fd11381fc101a93a084fa2dc1a574842f8', 3, 1, 'token', '[]', 0, '2023-12-10 05:57:44', '2023-12-10 05:57:44', '2024-12-10 12:57:44'),
('76ccc4604a00a1ba2429154928dc115696cda45306cd52d5266c06a42d93fd5d6d9283586da735bb', 3, 1, 'token', '[]', 0, '2023-12-10 08:42:09', '2023-12-10 08:42:09', '2024-12-10 15:42:09'),
('777c38e6d1caf7003fd54479491e911afe8360a0fe09131f0c1ac07ddb25d009b161def705fee0c3', 3, 1, 'token', '[]', 0, '2023-12-10 08:42:26', '2023-12-10 08:42:26', '2024-12-10 15:42:26'),
('790e91971b838fb24e5868134e89d60167d5c16095a7dfedae242f3407228c570b0a400a67b59183', 3, 1, 'token', '[]', 0, '2023-12-10 05:54:48', '2023-12-10 05:54:48', '2024-12-10 12:54:48'),
('7abf57a6ff31832a2455488aa15f6afbc0d0f04b63c5aa8d74070f9bc052ecc81257dc03fffb89f8', 3, 1, 'token', '[]', 0, '2023-12-11 02:20:16', '2023-12-11 02:20:16', '2024-12-11 09:20:16'),
('7ba973ee0ded24792efcae9aa8bf367ae7bd93f9a7ca33909573fe34cdc9fa5d973fcbccb8bbea66', 3, 1, 'token', '[]', 0, '2023-12-10 05:59:52', '2023-12-10 05:59:52', '2024-12-10 12:59:52'),
('7c2073add082d3c37001361e0cc7ac2361a8594174190436373cf479b4249d221f44a44fa7d3ec85', 3, 1, 'token', '[]', 0, '2023-12-11 02:25:46', '2023-12-11 02:25:46', '2024-12-11 09:25:46'),
('802dc73f6338d0f8cb3d434290bf30cad264a24651e200b7c6743c6bdeaac17735abcd7f4a3241aa', 3, 1, 'token', '[]', 0, '2023-12-10 07:03:36', '2023-12-10 07:03:36', '2024-12-10 14:03:36'),
('814d99424e3b3c3cdbd3af85b31e9abe3828a298d6b7f5d80ecf58666ff901444e6a607872a071e0', 3, 1, 'token', '[]', 0, '2023-12-11 02:13:54', '2023-12-11 02:13:54', '2024-12-11 09:13:54'),
('82696eca859e0a19ed359564e607d3d0aaa4051ae18e4c15832b67bf376f18adbc806fe52459250a', 3, 1, 'token', '[]', 0, '2023-12-11 02:12:47', '2023-12-11 02:12:48', '2024-12-11 09:12:47'),
('83166455fcef3c7aaf34f82c2412aa30493bd0d9290a21fefbd045e22d0a6ac0ce1a8a6a37df6265', 3, 1, 'token', '[]', 0, '2023-12-10 07:03:39', '2023-12-10 07:03:39', '2024-12-10 14:03:39'),
('83918c00a7cf88dd9bfd12056efcfd263c258d052343dd0d82863ab232f4499fca3c4bb6c8866a12', 3, 1, 'token', '[]', 0, '2023-12-10 08:37:09', '2023-12-10 08:37:09', '2024-12-10 15:37:09'),
('84e993dc609cc5629676440f07f8e83c036221e29c1c8abe7a5215b9dc17275a3ba63273c0df5eda', 3, 1, 'token', '[]', 0, '2023-12-10 06:56:23', '2023-12-10 06:56:23', '2024-12-10 13:56:23'),
('8502aaaaa8cb7b52092ba4fbb983305b2bc943d7e670b2ecbe1fba85fc82926c9fe27c67174e79ea', 3, 1, 'token', '[]', 0, '2023-12-10 06:00:58', '2023-12-10 06:00:58', '2024-12-10 13:00:58'),
('851bce5e1b6d4d3f910a0bedda91e47bd48f9f52960c770a7fca34c2c13a9e9503b2a289309a1318', 3, 1, 'token', '[]', 0, '2023-12-10 07:55:58', '2023-12-10 07:55:58', '2024-12-10 14:55:58'),
('85375cdf7d4b3a246638df968bf9a54ba3ccf0bc0460710ef205a079fde664b597e273044328e4a6', 3, 1, 'token', '[]', 0, '2023-12-11 01:59:50', '2023-12-11 01:59:50', '2024-12-11 08:59:50'),
('85b1f6f4db6cee989447f212cab5d0db9c4a823d2ee5f9ccbc97fad815baba05a3f6bd5e5e3c38ff', 3, 1, 'token', '[]', 0, '2023-12-11 02:46:38', '2023-12-11 02:46:38', '2024-12-11 09:46:38'),
('8752c5bf8a21f519975644f57cbcf85b1a37cecb098501975b60297c278dc579fc989efb04b31c28', 3, 1, 'token', '[]', 0, '2023-12-10 06:46:10', '2023-12-10 06:46:10', '2024-12-10 13:46:10'),
('891901d11d5cd30b5c9b6e021ce3d30702438d68f900cbca9ee06e44c85c0fcd809cb5f2727302c0', 3, 1, 'token', '[]', 0, '2023-12-10 09:41:33', '2023-12-10 09:41:33', '2024-12-10 16:41:33'),
('8afd585bcb1900974a2152d1b25fba10c38184b7cf6766774ad340820a6f7a752dfbcdd6131975de', 3, 1, 'token', '[]', 0, '2023-12-11 08:04:56', '2023-12-11 08:04:56', '2024-12-11 15:04:56'),
('8b0e2d772feb1d1d149ad5abe9ddbc90cdf0c47590cbdafe09bbb95f57c394dd13b54223c4521f3f', 3, 1, 'token', '[]', 0, '2023-12-11 01:35:17', '2023-12-11 01:35:17', '2024-12-11 08:35:17'),
('8b131918251d33b950f3a950e3fa0cef20873d0dd1e1d693a06ff5fecd9329847b8716449909da45', 3, 1, 'token', '[]', 0, '2023-12-10 06:49:04', '2023-12-10 06:49:04', '2024-12-10 13:49:04'),
('8b45e0c39c09b0e2faf573dda0ca8a102f3ac6c4e4a4689016c43e5b9827430fa9e5924c85f556e8', 4, 1, 'token', '[]', 0, '2023-12-10 06:51:17', '2023-12-10 06:51:17', '2024-12-10 13:51:17'),
('8b6dc93dcb37d1524b5c16df499e6b540694d984ad44143155f5dffd252c1f41380776a1a9699faf', 3, 1, 'token', '[]', 0, '2023-12-10 09:34:28', '2023-12-10 09:34:28', '2024-12-10 16:34:28'),
('8db4cf52a5f642e3bacf40f7534d905cc3f4f0e53c659fc204fea59af336dfb6279ea2da57e3a46d', 3, 1, 'token', '[]', 0, '2023-12-10 07:36:37', '2023-12-10 07:36:37', '2024-12-10 14:36:37'),
('925797305b1d43e05436d5894a559bb483149e932154abfeee080e836a03a05946e94e613f3c6f68', 3, 1, 'token', '[]', 0, '2023-12-11 01:54:52', '2023-12-11 01:54:52', '2024-12-11 08:54:52'),
('92cbcc1e32974b38bfd1063b933410154dc2a9813de4f11df3e3d8636f97e1f6de0cad4dbb5411fd', 3, 1, 'token', '[]', 0, '2023-12-11 02:00:30', '2023-12-11 02:00:30', '2024-12-11 09:00:30'),
('93dca1b05960fa92a81f0a3a0c789f4823d1f9beaa99effaaea85448c761b843a2752e0f009d7f80', 3, 1, 'token', '[]', 0, '2023-12-11 02:16:22', '2023-12-11 02:16:22', '2024-12-11 09:16:22'),
('952272d43c31ddbeb90b623bd166771784081caae7aa48085ac746364dddc572007ba1e89b1d4e9b', 3, 1, 'token', '[]', 0, '2023-12-11 01:59:31', '2023-12-11 01:59:31', '2024-12-11 08:59:31'),
('964bba9e9353b4824c0612a80d9f7a3558668998906c72790ee364c38381c096f0d7c0b7758d7049', 3, 1, 'token', '[]', 0, '2023-12-11 02:01:36', '2023-12-11 02:01:36', '2024-12-11 09:01:36'),
('97573cf283cf7c7b3fae4ab99a3956a733cf177ba5d2ff64ca5f423b764d78bc416b894ef46978c8', 4, 1, 'token', '[]', 0, '2023-12-10 07:06:41', '2023-12-10 07:06:41', '2024-12-10 14:06:41'),
('97c5efd61868ce119f4420e614c7d9255c1f68bdb78a2823d4e1fa5702addf88c6ded7c3ecaed4e3', 3, 1, 'token', '[]', 0, '2023-12-10 09:10:25', '2023-12-10 09:10:25', '2024-12-10 16:10:25'),
('999821d290dcae2dd2f2fa9f482e654796d19b482fe328b94a9722660b28808f0ddd58552d7f6f9d', 3, 1, 'token', '[]', 0, '2023-12-11 02:34:05', '2023-12-11 02:34:05', '2024-12-11 09:34:05'),
('9b32cb5fd0d03ea9627dbcd883d319a5650d52398bb058a15949828bcf8e76bb9142a27349a93116', 3, 1, 'token', '[]', 0, '2023-12-10 07:03:26', '2023-12-10 07:03:26', '2024-12-10 14:03:26'),
('9d6d2db7a3fac2b8d9e4b157d60260d153b1385b39d63bc7fbd5ac96a6aeeb2678cd47ee8d82c3f5', 3, 1, 'token', '[]', 0, '2023-12-11 02:22:09', '2023-12-11 02:22:09', '2024-12-11 09:22:09'),
('9e2d7d62c2f6c69293dde32f591de20a981470554f2c5b4a0768a8dc94bbd08f5c481c83ff02d2eb', 4, 1, 'token', '[]', 0, '2023-12-10 07:03:48', '2023-12-10 07:03:48', '2024-12-10 14:03:48'),
('9eca6cfe3a45ce7dd84cb44175e29aecff8dbed9579cb432c699d7f30131ad9a7c3c464e6fda3dd1', 3, 1, 'token', '[]', 0, '2023-12-11 02:44:53', '2023-12-11 02:44:53', '2024-12-11 09:44:53'),
('a0faa323033fe39f2b7be7b538503af58675349b50e8b999eaaf1bee772e812eb2edb6986c2f7b8f', 3, 1, 'token', '[]', 0, '2023-12-10 09:37:30', '2023-12-10 09:37:30', '2024-12-10 16:37:30'),
('a150c97f3598c418dc3c4db7ade7b8b60c6649fcf79f62465e95cb4ccd7a1a2c8373130135cfbb4a', 3, 1, 'token', '[]', 0, '2023-12-10 06:40:07', '2023-12-10 06:40:07', '2024-12-10 13:40:07'),
('a1cce0f03296a47fa9d4c6db690465381828a3a82c8aaa6cd6f8c8250afc564f893e2917da3c5333', 3, 1, 'token', '[]', 0, '2023-12-10 08:35:17', '2023-12-10 08:35:17', '2024-12-10 15:35:17'),
('a281200f7e4a421b249c5244fa8741317da059fd1a0b6d4b3813f05fa2e3db324ffbef35c1f8dbc3', 4, 1, 'token', '[]', 0, '2023-12-10 07:06:41', '2023-12-10 07:06:41', '2024-12-10 14:06:41'),
('a3ca745e8ea924550afa51dfb8669b9fb0374e291624fc050d733853e7ee1a98a0cb565fb11c3d1d', 3, 1, 'token', '[]', 0, '2023-12-10 06:52:31', '2023-12-10 06:52:31', '2024-12-10 13:52:31'),
('a3f9e738e0a747f7990bf97a1ddbb30ddf807f40184c0a9d56be754311ccbf20e675da0a62067165', 3, 1, 'token', '[]', 0, '2023-12-11 03:46:05', '2023-12-11 03:46:05', '2024-12-11 10:46:05'),
('a4f13ea68fe7519d82f321041d5f8c540056501c88db0e6ebd4406662bb605cc042db643a7ad174b', 3, 1, 'token', '[]', 0, '2023-12-10 07:33:02', '2023-12-10 07:33:02', '2024-12-10 14:33:02'),
('a62508ac0d6ca27413ff383d18b97e7b5d2f99d53951ce5159c961e1de79af22a7cc1fe63828478a', 3, 1, 'token', '[]', 0, '2023-12-10 06:39:44', '2023-12-10 06:39:44', '2024-12-10 13:39:44'),
('a66bc62db8295c525a3f890efdb161a94f5ac20eda8c8daf0f9cdb8fd780d9ae94985ba9f7d8fc48', 3, 1, 'token', '[]', 0, '2023-12-10 07:22:55', '2023-12-10 07:22:55', '2024-12-10 14:22:55'),
('aa8bec956c3870d2fc682dc7cd287ab917c140d95a0f3bbfe2ee780a3df51602d4945df16b386ff8', 3, 1, 'token', '[]', 0, '2023-12-10 09:24:19', '2023-12-10 09:24:19', '2024-12-10 16:24:19'),
('abeb8d7132562e01122f0c9a3a5e19ff79c912aa7d7335a68a2a973e90e5bdea676209b9df0f9029', 3, 1, 'token', '[]', 0, '2023-12-11 01:58:02', '2023-12-11 01:58:02', '2024-12-11 08:58:02'),
('ac578dadec5f144ebed093d89a7e0467f0f78aa53aaf4a3fe5697386e443443d9072a8265f7686ef', 3, 1, 'token', '[]', 0, '2023-12-10 06:43:45', '2023-12-10 06:43:45', '2024-12-10 13:43:45'),
('acfdbca1d4b8ae05e0068a167a81c104148e8f7d23d8b212d09a4c82df339b550c90182e58787888', 3, 1, 'token', '[]', 0, '2023-12-11 02:28:44', '2023-12-11 02:28:44', '2024-12-11 09:28:44'),
('af07bf3e0a7ca54f81560b39a2517822ca4256a12088878f572a8770d43da8dfe5789ad2747c1749', 3, 1, 'token', '[]', 0, '2023-12-10 05:52:25', '2023-12-10 05:52:25', '2024-12-10 12:52:25'),
('b04c55bd0f60beda7be43765ddb6299924db16cf8a88b5bff5ab42f9617524be9fedf7b37c5b1f4d', 3, 1, 'token', '[]', 0, '2023-12-10 06:40:44', '2023-12-10 06:40:44', '2024-12-10 13:40:44'),
('b114b9e439065a93646945082732689543dc1d79c957cef25c6db8c5a4471156bcb88915b99e9482', 3, 1, 'token', '[]', 0, '2023-12-11 02:30:18', '2023-12-11 02:30:19', '2024-12-11 09:30:18'),
('b2d7f78e49ccd55fe9f4f873ebad25b338686c3140c4b2563f77fa081c5d2219b2741d3b2aaf2026', 3, 1, 'token', '[]', 0, '2023-12-10 05:57:31', '2023-12-10 05:57:31', '2024-12-10 12:57:31'),
('b3cf093f0e6bb4ca9b52fc8f38e343bee71dd212547f4351924a60753cdc42d4050edb2e85dd1663', 4, 1, 'token', '[]', 0, '2023-12-10 06:52:57', '2023-12-10 06:52:57', '2024-12-10 13:52:57'),
('b5ce1ed81ece6713e1f657fa9786f107b9837424fb7285e4ccfad7d2fc40ced2d7b074af751bc781', 3, 1, 'token', '[]', 0, '2023-12-10 06:49:45', '2023-12-10 06:49:45', '2024-12-10 13:49:45'),
('b62b6d6b6ddf98c9028c4938c8006ac776b0fe6030b8e2516fd320658b9d7df1e7083200b405342e', 3, 1, 'token', '[]', 0, '2023-12-11 08:19:25', '2023-12-11 08:19:25', '2024-12-11 15:19:25'),
('b706d53abed481e97bf893b464fafce35735b355f41f9f6736c0daf03ac434c5c4c61abd0796855f', 3, 1, 'token', '[]', 0, '2023-12-10 08:25:53', '2023-12-10 08:25:53', '2024-12-10 15:25:53'),
('b7198663759c55bcc2253086530754c7644a2087b88519c1c7e3b08d1deae72c3c4533c9a1f23cde', 3, 1, 'token', '[]', 0, '2023-12-10 08:56:38', '2023-12-10 08:56:38', '2024-12-10 15:56:38'),
('ba4ceafc94c9bc037b8fb3f970d8df035d3a6d407fff241a30b84672815c0d71a0f4e47af9d046da', 3, 1, 'token', '[]', 0, '2023-12-10 09:01:53', '2023-12-10 09:01:53', '2024-12-10 16:01:53'),
('bbe4b284b9689a7d5f95d742b45c4a61369f1bd8443dc58c614ef449c2946e4206e32090fd355f1e', 3, 1, 'token', '[]', 0, '2023-12-10 05:50:21', '2023-12-10 05:50:21', '2024-12-10 12:50:21'),
('bc78c0ce33aa967fa9d079e0988bf6dcc7ca82fa0ed1a8ecb687fe610e1d5cf5edb4f0415de7d3e8', 3, 1, 'token', '[]', 0, '2023-12-11 02:10:57', '2023-12-11 02:10:57', '2024-12-11 09:10:57'),
('bf7741b4340870ec58e9f9fed0c9abd5bbac1888c96ee7d862bee0402ea7398e7a608d9c39cda9e5', 3, 1, 'token', '[]', 0, '2023-12-11 02:49:29', '2023-12-11 02:49:29', '2024-12-11 09:49:29'),
('c1ab76401da1b1ffec18d275fef5bbedf29988b67c3c55fb476c3a6681f8988b9098c1088fc09981', 3, 1, 'token', '[]', 0, '2023-12-10 07:02:00', '2023-12-10 07:02:00', '2024-12-10 14:02:00'),
('c23cc41a3c0851200c0b2f7624c0b918d996a09aa23722362ea9c6002a37a7c0bbd02de0bdd68781', 3, 1, 'token', '[]', 0, '2023-12-11 02:15:05', '2023-12-11 02:15:05', '2024-12-11 09:15:05'),
('c28fcb81d82b9967a289e7ac6d568559ff3e92f338bf0d39bab4c7325cbb57165781a1b85566e30c', 3, 1, 'token', '[]', 0, '2023-12-10 06:56:21', '2023-12-10 06:56:21', '2024-12-10 13:56:21'),
('c4c71a8acffb211f9ba825e78db99e985506a0dc362cd171ce0983e24ed922c7c29e9eb99bc7a54d', 3, 1, 'token', '[]', 0, '2023-12-10 08:27:03', '2023-12-10 08:27:03', '2024-12-10 15:27:03'),
('c63861af9932c7e26d71c87f7f7f1808f02f0797c45abd526abbe391452574684f29f9a843c2882f', 3, 1, 'token', '[]', 0, '2023-12-11 02:05:05', '2023-12-11 02:05:05', '2024-12-11 09:05:05'),
('c6738670b22bb51623692bdb11a864bb94f82e186074280b4650a17bbb55f1e5206a7d8cd4fd25f1', 3, 1, 'token', '[]', 0, '2023-12-10 06:55:52', '2023-12-10 06:55:52', '2024-12-10 13:55:52'),
('c815e711743c312b0ff3b39cb85b37b31c6b4f3eae1e7a911beb80f9f0e8681f7bca52f415389b9c', 3, 1, 'token', '[]', 0, '2023-12-11 02:51:46', '2023-12-11 02:51:46', '2024-12-11 09:51:46'),
('c99cc50a3c7ca3818251ae917de0b5eec9f0d5a3a2c7e9057297359c457d97b65223e971178fc1c2', 3, 1, 'token', '[]', 0, '2023-12-10 07:26:09', '2023-12-10 07:26:09', '2024-12-10 14:26:09'),
('cae3a24f3c6242a4cb049e4e9f70d60f572f1e48ea42afec680f6ca153208c2208b604a43502a72a', 3, 1, 'token', '[]', 0, '2023-12-10 07:05:23', '2023-12-10 07:05:23', '2024-12-10 14:05:23'),
('caeda0d10e8a10e9945edabc61880eed1e8ab7cd109441eb77561caa242fef04b8035ac33fb53785', 3, 1, 'token', '[]', 0, '2023-12-11 02:25:22', '2023-12-11 02:25:22', '2024-12-11 09:25:22'),
('cc071f1a2cc5cb6f826bd7db52d787f9d9653329620b8ba15eccfa62454d72dcb8cde8d83ef58300', 3, 1, 'token', '[]', 0, '2023-12-10 06:52:10', '2023-12-10 06:52:10', '2024-12-10 13:52:10'),
('cf5fc7c370ce3df9eab89be385081a99703856a9fd9c3210256f931d3fb37e3d8aea1d508f54f68e', 4, 1, 'token', '[]', 0, '2023-12-10 06:51:36', '2023-12-10 06:51:36', '2024-12-10 13:51:36'),
('d09e33aed52f69acc89b692d279b6040de2c5967951aa3043f3bc0bd53faf09bffa094b74b2dbb5e', 3, 1, 'token', '[]', 0, '2023-12-10 07:06:20', '2023-12-10 07:06:20', '2024-12-10 14:06:20'),
('d1afb88c71ee717234888a0ed661d9f53df4a2509c915434892f78939314b10a074579375bc895e0', 3, 1, 'token', '[]', 0, '2023-12-10 07:03:10', '2023-12-10 07:03:10', '2024-12-10 14:03:10'),
('d343aa04e0de8f85c2dcba36c8d10806faa5c83bdf260f5baa3e6ab18e555933c86f76d8954c22bb', 3, 1, 'token', '[]', 0, '2023-12-11 01:35:16', '2023-12-11 01:35:16', '2024-12-11 08:35:16'),
('d3c488c7bc0f5ae8bf0e2db77a0efdc0a73ab6e2da80606e9d34c4654b7538ef40325e6d1607718a', 3, 1, 'token', '[]', 0, '2023-12-11 02:30:21', '2023-12-11 02:30:21', '2024-12-11 09:30:21'),
('d70e764fdafd02fc70d1e7342d378ed44a10065ed6ddb401cfab221f1dd7953dcbe78b5c1ed01106', 3, 1, 'token', '[]', 0, '2023-12-10 06:39:55', '2023-12-10 06:39:55', '2024-12-10 13:39:55'),
('d8d575c3a3f8c6a7cdd8442c631d5e102bd8f8f99bd47e050e7dfe1b1404d902f8020b09fc963416', 3, 1, 'token', '[]', 0, '2023-12-10 07:05:23', '2023-12-10 07:05:23', '2024-12-10 14:05:23'),
('d9a150e26e9458ce42e2bd4bdea430375ecc5565b6c72e3cc20d34d53909694b911ded7dea39ff20', 3, 1, 'token', '[]', 0, '2023-12-10 07:07:39', '2023-12-10 07:07:39', '2024-12-10 14:07:39'),
('d9c0b8fb6b5f4d3ca988d5f4b649d08e9940c23832c1431191fdf7709ad6baf4ab0564c0e34994b3', 3, 1, 'token', '[]', 0, '2023-12-10 08:28:28', '2023-12-10 08:28:28', '2024-12-10 15:28:28'),
('da78950b69547dd2a26a83aa9e53617ef7a2a438ec966eb1a3dd1d781c32cafa912c6c1817a923e7', 3, 1, 'token', '[]', 0, '2023-12-10 06:55:55', '2023-12-10 06:55:55', '2024-12-10 13:55:55'),
('daef7765b6afc4df7a1bce175b4a3a45991d20b14469228da098e74793ed44e52607e4c43624e81c', 3, 1, 'token', '[]', 0, '2023-12-10 05:18:54', '2023-12-10 05:18:54', '2024-12-10 12:18:54'),
('dc1f8d55fcdb28a1ee8b5137cc6199d07df63227a641d47217e05ecf51c0a566116034bdbbe129f3', 3, 1, 'token', '[]', 0, '2023-12-10 05:53:40', '2023-12-10 05:53:40', '2024-12-10 12:53:40'),
('dc692b56102ee86f9e7b9b2b7e6ae49aba4cdc338d9e4c6929c56cbd20657a21ffabb8c2e28b5e3e', 3, 1, 'token', '[]', 0, '2023-12-10 08:51:31', '2023-12-10 08:51:31', '2024-12-10 15:51:31'),
('dc6c5496a89476b734c69ae0942d6a598cefd965d24bc0a729ae00a7efcd3a45a3c5ecac7f1ebb3e', 3, 1, 'token', '[]', 0, '2023-12-10 07:09:37', '2023-12-10 07:09:37', '2024-12-10 14:09:37'),
('dd83bdbc2fce7cb7b0496af74b90aadd4c28855cbb59c5578940a88893f2bf30949ad75e579c111e', 3, 1, 'token', '[]', 0, '2023-12-10 06:48:54', '2023-12-10 06:48:54', '2024-12-10 13:48:54'),
('e0267d44caed1f6a59d8f0e2a02a1c1e992993780ea4ce1f01a3ead83f63fe9fb6063c827ee2150d', 3, 1, 'token', '[]', 0, '2023-12-10 07:35:58', '2023-12-10 07:35:58', '2024-12-10 14:35:58'),
('e28d88a4336bb1c7a638910f9ed7b880d370ae5dee05d833c2848484b748237cf6cd8df9dfd13d4b', 3, 1, 'token', '[]', 0, '2023-12-10 06:44:09', '2023-12-10 06:44:09', '2024-12-10 13:44:09'),
('e520fe27a6367c84e8332f39583d14f2ceb3cd0b885b87375619fdb83bbbef45c57a793425d621c9', 3, 1, 'token', '[]', 0, '2023-12-10 07:06:32', '2023-12-10 07:06:32', '2024-12-10 14:06:32'),
('e5f993de7bab75eea26ae2f46565dbb91b915f7992ad6a50e33fae7d21ab745e79c03d2d7f1d4dc9', 3, 1, 'token', '[]', 0, '2023-12-10 07:13:02', '2023-12-10 07:13:02', '2024-12-10 14:13:02'),
('e78b512ab96bb33c60f71d8338364aff291e8619865510456c2545c0d4b98960c41ba6a496fa609e', 3, 1, 'token', '[]', 0, '2023-12-10 07:05:47', '2023-12-10 07:05:47', '2024-12-10 14:05:47'),
('e89dda991ffd9fd947e4fd481999e7d90eccc23b9eddb5abdc2e1a61a1d3e819a4357c8e06dbf132', 3, 1, 'token', '[]', 0, '2023-12-10 07:07:54', '2023-12-10 07:07:54', '2024-12-10 14:07:54'),
('e8b85e12771b78068c0ce0b37ed7128b8223a0827abfc1ad2893db087a350033e68b242c34e15abf', 3, 1, 'token', '[]', 0, '2023-12-10 07:07:29', '2023-12-10 07:07:29', '2024-12-10 14:07:29'),
('e8f0ce5754d3cac4fab3bacd9f7a445bda2d91193da22b937184ab5762d4ca96b0fea33cd53ef3bb', 3, 1, 'token', '[]', 0, '2023-12-10 08:46:55', '2023-12-10 08:46:55', '2024-12-10 15:46:55'),
('e938e597021db6b629f6ba8fb2aeb4ceeb2c753499d3371722e3771a4210a35799b32760c6bdf0f9', 3, 1, 'token', '[]', 0, '2023-12-11 02:49:55', '2023-12-11 02:49:55', '2024-12-11 09:49:55'),
('e9bc1327e9d63750bc2eac755ff219276e19cad93b577db5df6824652dd506586418f0df605f2130', 3, 1, 'token', '[]', 0, '2023-12-10 07:07:52', '2023-12-10 07:07:52', '2024-12-10 14:07:52'),
('ee635f1f71684bebfd1a49cc8fc90c5e107946ab79db3960ca1dd1655574d1a040712ee15c4d0149', 3, 1, 'token', '[]', 0, '2023-12-11 02:09:24', '2023-12-11 02:09:24', '2024-12-11 09:09:24'),
('ef7020a438a76a1edf5f52ac4960bbdc1a970aa5666fee1c3c81b9c16e9db01891b05aaade313e67', 3, 1, 'token', '[]', 0, '2023-12-10 07:14:32', '2023-12-10 07:14:32', '2024-12-10 14:14:32'),
('efa167f14e906275816eee000eb76a45cda8181db18b60d868425a4f6fea05e92e130fe802eb7aee', 3, 1, 'token', '[]', 0, '2023-12-11 02:49:04', '2023-12-11 02:49:04', '2024-12-11 09:49:04'),
('f1cedd96382227a48461adeedc8937e791315f3e1b17dda4a382d2f8f219b0612b1d5b8ac41f6c34', 3, 1, 'token', '[]', 0, '2023-12-11 01:35:17', '2023-12-11 01:35:17', '2024-12-11 08:35:17'),
('f1ddce2d373c4ceb83dd00297de6cc0b21ee8703baf9a2e6a630db0bf2d624b17da5e1d4d1026f6e', 3, 1, 'token', '[]', 0, '2023-12-11 11:27:24', '2023-12-11 11:27:24', '2024-12-11 18:27:24'),
('f33b38d784a6449562cf295d9fb9c863e40d110a4265c1dd4160408d9692661075cdfd2e1d7baddf', 3, 1, 'token', '[]', 0, '2023-12-10 05:59:41', '2023-12-10 05:59:41', '2024-12-10 12:59:41'),
('f59a2ae1bcb6e48f3d264c83b9602fab8738c583ea1cfdf3d94dcfd8e985393dd441515d7b7bfd09', 3, 1, 'token', '[]', 0, '2023-12-11 02:27:42', '2023-12-11 02:27:42', '2024-12-11 09:27:42'),
('f70fd920c8ca08e6008ad761c6803bdb3f2b66b221f968ebcf4c2ff82573d9b7c133f5c6f36a5479', 4, 1, 'token', '[]', 0, '2023-12-10 07:09:45', '2023-12-10 07:09:45', '2024-12-10 14:09:45'),
('f77160645516c2eba5274e5ecc860b659829a2d4dd2e7001c2f1143eec92bcefc18b3fff10159bc6', 3, 1, 'token', '[]', 0, '2023-12-10 06:41:07', '2023-12-10 06:41:07', '2024-12-10 13:41:07'),
('f95f6ddbae6286e1d6d8947cb72046dbcbf6d30d2695942ae36473a9660b0a18d4fef0cd0b19e39c', 3, 1, 'token', '[]', 0, '2023-12-11 02:19:50', '2023-12-11 02:19:50', '2024-12-11 09:19:50'),
('f9803dcc8c2d5d24f2b1e6f8ff655e99ad887936ac563fb19f8f5dfcb818171470b7c99c15c281bb', 3, 1, 'token', '[]', 0, '2023-12-11 02:52:25', '2023-12-11 02:52:25', '2024-12-11 09:52:25'),
('faa96db5dd859407b397d58febaddfd4f9e76a5445a3f25c718f23b781f8fc80ad73b9e11b135c40', 3, 1, 'token', '[]', 0, '2023-12-11 08:18:55', '2023-12-11 08:18:55', '2024-12-11 15:18:55');

-- --------------------------------------------------------

--
-- Table structure for table `oauth_auth_codes`
--

CREATE TABLE `oauth_auth_codes` (
  `id` varchar(100) NOT NULL,
  `user_id` bigint(20) UNSIGNED NOT NULL,
  `client_id` bigint(20) UNSIGNED NOT NULL,
  `scopes` text DEFAULT NULL,
  `revoked` tinyint(1) NOT NULL,
  `expires_at` datetime DEFAULT NULL
) ENGINE=InnoDB DEFAULT CHARSET=utf8mb4 COLLATE=utf8mb4_unicode_ci;

-- --------------------------------------------------------

--
-- Table structure for table `oauth_clients`
--

CREATE TABLE `oauth_clients` (
  `id` bigint(20) UNSIGNED NOT NULL,
  `user_id` bigint(20) UNSIGNED DEFAULT NULL,
  `name` varchar(255) NOT NULL,
  `secret` varchar(100) DEFAULT NULL,
  `provider` varchar(255) DEFAULT NULL,
  `redirect` text NOT NULL,
  `personal_access_client` tinyint(1) NOT NULL,
  `password_client` tinyint(1) NOT NULL,
  `revoked` tinyint(1) NOT NULL,
  `created_at` timestamp NULL DEFAULT NULL,
  `updated_at` timestamp NULL DEFAULT NULL
) ENGINE=InnoDB DEFAULT CHARSET=utf8mb4 COLLATE=utf8mb4_unicode_ci;

--
-- Dumping data for table `oauth_clients`
--

INSERT INTO `oauth_clients` (`id`, `user_id`, `name`, `secret`, `provider`, `redirect`, `personal_access_client`, `password_client`, `revoked`, `created_at`, `updated_at`) VALUES
(1, NULL, 'user', 'gOVJt0TEqjGPk9KVGZu28uzY4RA40Vla8tqjMZxv', NULL, 'http://localhost', 1, 0, 0, '2023-12-10 05:18:50', '2023-12-10 05:18:50');

-- --------------------------------------------------------

--
-- Table structure for table `oauth_personal_access_clients`
--

CREATE TABLE `oauth_personal_access_clients` (
  `id` bigint(20) UNSIGNED NOT NULL,
  `client_id` bigint(20) UNSIGNED NOT NULL,
  `created_at` timestamp NULL DEFAULT NULL,
  `updated_at` timestamp NULL DEFAULT NULL
) ENGINE=InnoDB DEFAULT CHARSET=utf8mb4 COLLATE=utf8mb4_unicode_ci;

--
-- Dumping data for table `oauth_personal_access_clients`
--

INSERT INTO `oauth_personal_access_clients` (`id`, `client_id`, `created_at`, `updated_at`) VALUES
(1, 1, '2023-12-10 05:18:50', '2023-12-10 05:18:50');

-- --------------------------------------------------------

--
-- Table structure for table `oauth_refresh_tokens`
--

CREATE TABLE `oauth_refresh_tokens` (
  `id` varchar(100) NOT NULL,
  `access_token_id` varchar(100) NOT NULL,
  `revoked` tinyint(1) NOT NULL,
  `expires_at` datetime DEFAULT NULL
) ENGINE=InnoDB DEFAULT CHARSET=utf8mb4 COLLATE=utf8mb4_unicode_ci;

-- --------------------------------------------------------

--
-- Table structure for table `password_reset_tokens`
--

CREATE TABLE `password_reset_tokens` (
  `email` varchar(255) NOT NULL,
  `token` varchar(255) NOT NULL,
  `created_at` timestamp NULL DEFAULT NULL
) ENGINE=InnoDB DEFAULT CHARSET=utf8mb4 COLLATE=utf8mb4_unicode_ci;

-- --------------------------------------------------------

--
-- Table structure for table `personal_access_tokens`
--

CREATE TABLE `personal_access_tokens` (
  `id` bigint(20) UNSIGNED NOT NULL,
  `tokenable_type` varchar(255) NOT NULL,
  `tokenable_id` bigint(20) UNSIGNED NOT NULL,
  `name` varchar(255) NOT NULL,
  `token` varchar(64) NOT NULL,
  `abilities` text DEFAULT NULL,
  `last_used_at` timestamp NULL DEFAULT NULL,
  `expires_at` timestamp NULL DEFAULT NULL,
  `created_at` timestamp NULL DEFAULT NULL,
  `updated_at` timestamp NULL DEFAULT NULL
) ENGINE=InnoDB DEFAULT CHARSET=utf8mb4 COLLATE=utf8mb4_unicode_ci;

-- --------------------------------------------------------

--
-- Table structure for table `users`
--

CREATE TABLE `users` (
  `id` bigint(20) UNSIGNED NOT NULL,
  `username` varchar(32) NOT NULL,
  `email` varchar(64) NOT NULL,
  `password` varchar(64) NOT NULL,
  `education` varchar(255) NOT NULL,
  `coding_experience` varchar(255) NOT NULL,
  `role` varchar(255) NOT NULL DEFAULT 'user',
  `email_verified_at` timestamp NOT NULL DEFAULT current_timestamp() ON UPDATE current_timestamp()
) ENGINE=InnoDB DEFAULT CHARSET=utf8mb4 COLLATE=utf8mb4_unicode_ci;

--
-- Dumping data for table `users`
--

INSERT INTO `users` (`id`, `username`, `email`, `password`, `education`, `coding_experience`, `role`, `email_verified_at`) VALUES
(3, 'admin', 'admin', '$2y$12$fYTFGT1xTBhivSgqYdoVZeWTExj7idVAEcEdeQXFVOh/zQMnB1gqG', 'admin', 'admin', 'admin', '2023-12-10 12:20:16'),
(4, '1', '1', '$2y$12$4eag1yMDRFBLQkwwOCrhw.D3fGXxqVpRZC4IACDhe0VhODAh3gvOO', '1', '1', 'user', '2023-12-10 11:59:59');

-- --------------------------------------------------------

--
-- Table structure for table `webinar`
--

CREATE TABLE `webinar` (
  `id` int(255) NOT NULL,
  `tanggal` varchar(255) NOT NULL,
  `title` varchar(255) NOT NULL,
  `pengisi_acara` varchar(255) NOT NULL,
  `content` varchar(255) NOT NULL,
  `thumbnail` varchar(255) NOT NULL
) ENGINE=InnoDB DEFAULT CHARSET=utf8mb4 COLLATE=utf8mb4_general_ci;

--
-- Indexes for dumped tables
--

--
-- Indexes for table `failed_jobs`
--
ALTER TABLE `failed_jobs`
  ADD PRIMARY KEY (`id`),
  ADD UNIQUE KEY `failed_jobs_uuid_unique` (`uuid`);

--
-- Indexes for table `kursus`
--
ALTER TABLE `kursus`
  ADD PRIMARY KEY (`id`);

--
-- Indexes for table `migrations`
--
ALTER TABLE `migrations`
  ADD PRIMARY KEY (`id`);

--
-- Indexes for table `oauth_access_tokens`
--
ALTER TABLE `oauth_access_tokens`
  ADD PRIMARY KEY (`id`),
  ADD KEY `oauth_access_tokens_user_id_index` (`user_id`);

--
-- Indexes for table `oauth_auth_codes`
--
ALTER TABLE `oauth_auth_codes`
  ADD PRIMARY KEY (`id`),
  ADD KEY `oauth_auth_codes_user_id_index` (`user_id`);

--
-- Indexes for table `oauth_clients`
--
ALTER TABLE `oauth_clients`
  ADD PRIMARY KEY (`id`),
  ADD KEY `oauth_clients_user_id_index` (`user_id`);

--
-- Indexes for table `oauth_personal_access_clients`
--
ALTER TABLE `oauth_personal_access_clients`
  ADD PRIMARY KEY (`id`);

--
-- Indexes for table `oauth_refresh_tokens`
--
ALTER TABLE `oauth_refresh_tokens`
  ADD PRIMARY KEY (`id`),
  ADD KEY `oauth_refresh_tokens_access_token_id_index` (`access_token_id`);

--
-- Indexes for table `password_reset_tokens`
--
ALTER TABLE `password_reset_tokens`
  ADD PRIMARY KEY (`email`);

--
-- Indexes for table `personal_access_tokens`
--
ALTER TABLE `personal_access_tokens`
  ADD PRIMARY KEY (`id`),
  ADD UNIQUE KEY `personal_access_tokens_token_unique` (`token`),
  ADD KEY `personal_access_tokens_tokenable_type_tokenable_id_index` (`tokenable_type`,`tokenable_id`);

--
-- Indexes for table `users`
--
ALTER TABLE `users`
  ADD PRIMARY KEY (`id`),
  ADD UNIQUE KEY `users_username_unique` (`username`),
  ADD UNIQUE KEY `users_email_unique` (`email`);

--
-- Indexes for table `webinar`
--
ALTER TABLE `webinar`
  ADD PRIMARY KEY (`id`);

--
-- AUTO_INCREMENT for dumped tables
--

--
-- AUTO_INCREMENT for table `failed_jobs`
--
ALTER TABLE `failed_jobs`
  MODIFY `id` bigint(20) UNSIGNED NOT NULL AUTO_INCREMENT;

--
-- AUTO_INCREMENT for table `kursus`
--
ALTER TABLE `kursus`
  MODIFY `id` int(11) NOT NULL AUTO_INCREMENT, AUTO_INCREMENT=20;

--
-- AUTO_INCREMENT for table `migrations`
--
ALTER TABLE `migrations`
  MODIFY `id` int(10) UNSIGNED NOT NULL AUTO_INCREMENT, AUTO_INCREMENT=13;

--
-- AUTO_INCREMENT for table `oauth_clients`
--
ALTER TABLE `oauth_clients`
  MODIFY `id` bigint(20) UNSIGNED NOT NULL AUTO_INCREMENT, AUTO_INCREMENT=2;

--
-- AUTO_INCREMENT for table `oauth_personal_access_clients`
--
ALTER TABLE `oauth_personal_access_clients`
  MODIFY `id` bigint(20) UNSIGNED NOT NULL AUTO_INCREMENT, AUTO_INCREMENT=2;

--
-- AUTO_INCREMENT for table `personal_access_tokens`
--
ALTER TABLE `personal_access_tokens`
  MODIFY `id` bigint(20) UNSIGNED NOT NULL AUTO_INCREMENT;

--
-- AUTO_INCREMENT for table `users`
--
ALTER TABLE `users`
  MODIFY `id` bigint(20) UNSIGNED NOT NULL AUTO_INCREMENT, AUTO_INCREMENT=15;

--
-- AUTO_INCREMENT for table `webinar`
--
ALTER TABLE `webinar`
  MODIFY `id` int(255) NOT NULL AUTO_INCREMENT;
COMMIT;

/*!40101 SET CHARACTER_SET_CLIENT=@OLD_CHARACTER_SET_CLIENT */;
/*!40101 SET CHARACTER_SET_RESULTS=@OLD_CHARACTER_SET_RESULTS */;
/*!40101 SET COLLATION_CONNECTION=@OLD_COLLATION_CONNECTION */;
